species_name,slope,pval
species1.csv,7.116602126744235,0.4254825231579973
species2.csv,99.99999999999939,0.0
