species,sepal_length_mean,sepal_length_std
setosa,5.005999999999999,0.3524896872134512
versicolor,5.936,0.5161711470638635
virginica,6.587999999999998,0.635879593274432
